id,username,password,firstName,lastName,type,isActive
16,test16,"94ba69fdd6ac7c1576e4b079514aa04004822824",Test16,Test16,CUSTOMER,true
15,test15,"94ba69fdd6ac7c1576e4b079514aa04004822824",test15,test15,CUSTOMER,true
14,test14,"94ba69fdd6ac7c1576e4b079514aa04004822824",Test14,test14,CUSTOMER,true
13,test13,"94ba69fdd6ac7c1576e4b079514aa04004822824",test13,test13,CUSTOMER,true
12,test12,"94ba69fdd6ac7c1576e4b079514aa04004822824",test12,test12,CUSTOMER,true
11,test11,"94ba69fdd6ac7c1576e4b079514aa04004822824",Test11,Test11,CUSTOMER,true
20,test22,"94ba69fdd6ac7c1576e4b079514aa04004822824",test,test,CUSTOMER,true
10,test10,"94ba69fdd6ac7c1576e4b079514aa04004822824",test10,test10,CUSTOMER,true
19,test21,"94ba69fdd6ac7c1576e4b079514aa04004822824",test,test,CUSTOMER,true
18,test20,"94ba69fdd6ac7c1576e4b079514aa04004822824",Test,Test,CUSTOMER,true
1,test1,"dddd5d7b474d2c78ebbb833789c4bfd721edf4bf",Leo,Brown,CUSTOMER,true
17,test18,"94ba69fdd6ac7c1576e4b079514aa04004822824",Test18,Test18,CUSTOMER,false
4,test4,"94ba69fdd6ac7c1576e4b079514aa04004822824",John,Snow,CUSTOMER,true
5,test5,"94ba69fdd6ac7c1576e4b079514aa04004822824",Maryam,Gh,CUSTOMER,true
22,user_test1,"94ba69fdd6ac7c1576e4b079514aa04004822824",test1,test1,CUSTOMER,true
2,test2,"5bfe552918c8ce3bac509d22874807c843e30bfb",John,Smith,CUSTOMER,false
3,test3,"94ba69fdd6ac7c1576e4b079514aa04004822824",Jane,Oscar,CUSTOMER,true
8,test8,"94ba69fdd6ac7c1576e4b079514aa04004822824",Amir,Tey,CUSTOMER,true
9,test9,"94ba69fdd6ac7c1576e4b079514aa04004822824",Nobody,Nowhere,CUSTOMER,true
6,test6,"94ba69fdd6ac7c1576e4b079514aa04004822824",John,Doe,CUSTOMER,true
7,test7,"94ba69fdd6ac7c1576e4b079514aa04004822824",Mehdi,Tey,CUSTOMER,true
21,omar,"94ba69fdd6ac7c1576e4b079514aa04004822824",Omar,Kamal,CUSTOMER,true
